{"name":"orientacoesPersonalizadasIntent","identifier":"PBM7HHC0QW","description":null,"parentIntentSignature":null,"sampleUtterances":[{"utterance":"orientações personalizadas"},{"utterance":"orientações"}],"intentConfirmationSetting":{"isActive":true,"promptSpecification":{"messageGroupsList":[{"message":{"ssmlMessage":null,"customPayload":null,"plainTextMessage":{"value":"Antes de te passar as orientações preciso confirmar suas informações. De acordo com as opções selecionadas, você é {faixaEtariaSlot} e pratica exercícios físicos {frequenciaSlot} vezes na semana. Você confirma essas informações?"},"imageResponseCard":null},"variations":null},{"message":{"ssmlMessage":null,"customPayload":null,"plainTextMessage":null,"imageResponseCard":{"title":"CONFIRMAÇÃO","buttonsList":[{"value":"Sim","text":"Sim"},{"value":"Não","text":"Não"}],"subtitle":null,"imageUrl":"https://guilhermekameoka.s3.amazonaws.com/thinking.jpg"}},"variations":null}],"maxRetries":4,"allowInterrupt":true,"messageSelectionStrategy":"Random","promptAttemptsSpecification":{"Retry2":{"textInputSpecification":{"startTimeoutMs":30000},"allowedInputTypes":{"allowAudioInput":true,"allowDTMFInput":true},"audioAndDTMFInputSpecification":{"audioSpecification":{"endTimeoutMs":640,"maxLengthMs":15000},"startTimeoutMs":4000,"dtmfSpecification":{"maxLength":513,"endTimeoutMs":5000,"deletionCharacter":"*","endCharacter":"#"}},"allowInterrupt":true},"Retry3":{"textInputSpecification":{"startTimeoutMs":30000},"allowedInputTypes":{"allowAudioInput":true,"allowDTMFInput":true},"audioAndDTMFInputSpecification":{"audioSpecification":{"endTimeoutMs":640,"maxLengthMs":15000},"startTimeoutMs":4000,"dtmfSpecification":{"maxLength":513,"endTimeoutMs":5000,"deletionCharacter":"*","endCharacter":"#"}},"allowInterrupt":true},"Initial":{"textInputSpecification":{"startTimeoutMs":30000},"allowedInputTypes":{"allowAudioInput":true,"allowDTMFInput":true},"audioAndDTMFInputSpecification":{"audioSpecification":{"endTimeoutMs":640,"maxLengthMs":15000},"startTimeoutMs":4000,"dtmfSpecification":{"maxLength":513,"endTimeoutMs":5000,"deletionCharacter":"*","endCharacter":"#"}},"allowInterrupt":true},"Retry4":{"textInputSpecification":{"startTimeoutMs":30000},"allowedInputTypes":{"allowAudioInput":true,"allowDTMFInput":true},"audioAndDTMFInputSpecification":{"audioSpecification":{"endTimeoutMs":640,"maxLengthMs":15000},"startTimeoutMs":4000,"dtmfSpecification":{"maxLength":513,"endTimeoutMs":5000,"deletionCharacter":"*","endCharacter":"#"}},"allowInterrupt":true},"Retry1":{"textInputSpecification":{"startTimeoutMs":30000},"allowedInputTypes":{"allowAudioInput":true,"allowDTMFInput":true},"audioAndDTMFInputSpecification":{"audioSpecification":{"endTimeoutMs":640,"maxLengthMs":15000},"startTimeoutMs":4000,"dtmfSpecification":{"maxLength":513,"endTimeoutMs":5000,"deletionCharacter":"*","endCharacter":"#"}},"allowInterrupt":true}}},"declinationResponse":{"messageGroupsList":[{"message":{"ssmlMessage":null,"customPayload":null,"plainTextMessage":{"value":"Ok, iremos repetir o processo de solicitar as informações para você."},"imageResponseCard":null},"variations":null}],"allowInterrupt":true},"confirmationConditional":{"isActive":true,"conditionalBranches":[{"name":"nao_jovem","response":{"messageGroupsList":[{"message":{"ssmlMessage":null,"customPayload":null,"plainTextMessage":{"value":"Que pena! Aproveite enquanto você é jovem para cuidar de sua saúde. Procure se exercitar mais. Comece devagar com exercícios leves e de pouco impacto. Procure alguma atividade física que você goste."},"imageResponseCard":null},"variations":null}],"allowInterrupt":true},"nextStep":{"intent":null,"sessionAttributes":null,"dialogAction":{"type":"EndConversation","slotToElicit":null,"suppressNextMessage":null}},"condition":{"expressionString":"{fazExercicioSlot} = \"Não\" && {faixaEtariaSlot} = \"jovem\""}},{"name":"nao_idoso","response":{"messageGroupsList":[{"message":{"ssmlMessage":null,"customPayload":null,"plainTextMessage":{"value":"Cuidado! A falta de exercícios físicos pode trazer malefícios para sua saúde. A prática de exercícios físicos pode diminuir os riscos cardiovasculares. Procure se exercitar pelo menos 3 vezes por semana. Faça uma leve caminhada de 30 minutos pela manhã ou no fim da tarde. Não esqueça de se hidratar. Beba ao menos 2 litros de água por dia."},"imageResponseCard":null},"variations":null}],"allowInterrupt":true},"nextStep":{"intent":null,"sessionAttributes":null,"dialogAction":{"type":"EndConversation","slotToElicit":null,"suppressNextMessage":null}},"condition":{"expressionString":"{fazExercicioSlot} = \"Não\" && {faixaEtariaSlot} = \"idoso\""}},{"name":"sim","response":null,"nextStep":{"intent":{"name":null,"slots":null},"sessionAttributes":null,"dialogAction":{"type":"CloseIntent","slotToElicit":null,"suppressNextMessage":null}},"condition":{"expressionString":"{fazExercicioSlot} = \"Sim\""}}],"defaultBranch":{"response":null,"nextStep":{"intent":{"name":null,"slots":null},"sessionAttributes":null,"dialogAction":{"type":"CloseIntent","slotToElicit":null,"suppressNextMessage":null}}}},"declinationNextStep":{"intent":{"name":null,"slots":{"frequenciaSlot":{"value":{"interpretedValue":null},"values":null,"shape":null},"fazExercicioSlot":{"value":{"interpretedValue":null},"values":null,"shape":null},"faixaEtariaSlot":{"value":{"interpretedValue":null},"values":null,"shape":null}}},"sessionAttributes":null,"dialogAction":{"type":"StartIntent","slotToElicit":null,"suppressNextMessage":null}},"failureNextStep":{"intent":{"name":"FallbackIntent","slots":null},"sessionAttributes":null,"dialogAction":{"type":"StartIntent","slotToElicit":null,"suppressNextMessage":null}},"elicitationCodeHook":{"invocationLabel":null,"enableCodeHookInvocation":true},"confirmationResponse":{"messageGroupsList":[{"message":{"ssmlMessage":null,"customPayload":null,"plainTextMessage":{"value":"Obrigado por confirmar!"},"imageResponseCard":null},"variations":null}],"allowInterrupt":true},"confirmationNextStep":{"intent":{"name":null,"slots":{}},"sessionAttributes":null,"dialogAction":{"type":"EvaluateConditional","slotToElicit":null,"suppressNextMessage":null}}},"intentClosingSetting":{"isActive":true,"nextStep":{"intent":{"name":null,"slots":null},"sessionAttributes":null,"dialogAction":{"type":"EvaluateConditional","slotToElicit":null,"suppressNextMessage":null}},"conditional":{"isActive":true,"conditionalBranches":[{"name":"jovem_freq","response":{"messageGroupsList":[{"message":{"ssmlMessage":null,"customPayload":null,"plainTextMessage":{"value":"Parabéns, você está cuidando do seu corpo!"},"imageResponseCard":null},"variations":null},{"message":{"ssmlMessage":null,"customPayload":null,"plainTextMessage":{"value":"Mas não se esqueça de se hidratar. Tome ao menos 2 litros de água ao longo do dia."},"imageResponseCard":null},"variations":null},{"message":{"ssmlMessage":null,"customPayload":null,"plainTextMessage":{"value":"Procure fazer exercícios físicos pela manhã ou no fim da tarde."},"imageResponseCard":null},"variations":null},{"message":{"ssmlMessage":null,"customPayload":null,"plainTextMessage":{"value":"Praticar atividades físicas no calor ou debaixo do sol intenso pode prejudicar sua saúde."},"imageResponseCard":null},"variations":null}],"allowInterrupt":true},"nextStep":{"intent":null,"sessionAttributes":null,"dialogAction":{"type":"EndConversation","slotToElicit":null,"suppressNextMessage":null}},"condition":{"expressionString":"{frequenciaSlot} >= 3 && {faixaEtariaSlot} = \"jovem\""}},{"name":"jovem_pouco","response":{"messageGroupsList":[{"message":{"ssmlMessage":null,"customPayload":null,"plainTextMessage":{"value":" Você deveria se exercitar com mais frequência. Aproveite enquanto você é jovem."},"imageResponseCard":null},"variations":null},{"message":{"ssmlMessage":null,"customPayload":null,"plainTextMessage":{"value":"Comece devagar. Procure atividades de baixo impacto e intensidade."},"imageResponseCard":null},"variations":null},{"message":{"ssmlMessage":null,"customPayload":null,"plainTextMessage":{"value":"Procure uma atividade que você goste, como esportes, academia ou caminhadas. "},"imageResponseCard":null},"variations":null},{"message":{"ssmlMessage":null,"customPayload":null,"plainTextMessage":{"value":"Defina metas realistas e alcançáveis ​​para te ajudar a manter a motivação."},"imageResponseCard":null},"variations":null}],"allowInterrupt":true},"nextStep":{"intent":null,"sessionAttributes":null,"dialogAction":{"type":"EndConversation","slotToElicit":null,"suppressNextMessage":null}},"condition":{"expressionString":"{frequenciaSlot} < 3 && {faixaEtariaSlot} = \"jovem\""}},{"name":"idoso_freq","response":{"messageGroupsList":[{"message":{"ssmlMessage":null,"customPayload":null,"plainTextMessage":{"value":"Isso já é um começo. Muito bem!"},"imageResponseCard":null},"variations":null},{"message":{"ssmlMessage":null,"customPayload":null,"plainTextMessage":{"value":"Comece devagar. Sugiro que você faça exercícios de baixo impacto e pouca intensidade. Assim você obterá uma maior resistência física para exercícios de maior intensidade."},"imageResponseCard":null},"variations":null},{"message":{"ssmlMessage":null,"customPayload":null,"plainTextMessage":{"value":"Defina metas realistas. Estabeleça metas alcançáveis ​​e mensuráveis ​​para te ajudar a manter a motivação."},"imageResponseCard":null},"variations":null},{"message":{"ssmlMessage":null,"customPayload":null,"plainTextMessage":{"value":"Você pode fazer pequenas caminhadas de 30 minutos pela manhã ou pelo fim da tarde."},"imageResponseCard":null},"variations":null}],"allowInterrupt":true},"nextStep":{"intent":null,"sessionAttributes":null,"dialogAction":{"type":"EndConversation","slotToElicit":null,"suppressNextMessage":null}},"condition":{"expressionString":"{frequenciaSlot} >= 3 && {faixaEtariaSlot} = \"idoso\""}},{"name":"idoso_pouco","response":{"messageGroupsList":[{"message":{"ssmlMessage":null,"customPayload":null,"plainTextMessage":{"value":"É muito importante que você se exercite para evitar problemas de saúde. A prática de exercícios físicos pode evitar problemas cardíacos além de fortalecer a musculatura."},"imageResponseCard":null},"variations":null},{"message":{"ssmlMessage":null,"customPayload":null,"plainTextMessage":{"value":"Procure fazer caminhadas de baixa intensidade pela manhã ou no fim da tarde."},"imageResponseCard":null},"variations":null},{"message":{"ssmlMessage":null,"customPayload":null,"plainTextMessage":{"value":"Encontre um parceiro de exercícios para mantê-lo motivado. "},"imageResponseCard":null},"variations":null},{"message":{"ssmlMessage":null,"customPayload":null,"plainTextMessage":{"value":"Não esqueça de se hidratar. Beba ao menos 2 litros de água por dia."},"imageResponseCard":null},"variations":null}],"allowInterrupt":true},"nextStep":{"intent":null,"sessionAttributes":null,"dialogAction":{"type":"EndConversation","slotToElicit":null,"suppressNextMessage":null}},"condition":{"expressionString":"{frequenciaSlot} < 3 && {faixaEtariaSlot} = \"idoso\""}}],"defaultBranch":{"response":null,"nextStep":{"intent":{"name":null,"slots":null},"sessionAttributes":null,"dialogAction":{"type":"EndConversation","slotToElicit":null,"suppressNextMessage":null}}}},"closingResponse":null},"initialResponseSetting":{"nextStep":{"intent":{"name":null,"slots":{}},"sessionAttributes":{},"dialogAction":{"type":"ElicitSlot","slotToElicit":"faixaEtariaSlot","suppressNextMessage":null}},"codeHook":null,"conditional":null,"initialResponse":{"messageGroupsList":[{"message":{"ssmlMessage":null,"customPayload":null,"plainTextMessage":{"value":"Ok! Para te orientar da melhor forma, precisarei coletar algumas informações:"},"imageResponseCard":null},"variations":null}],"allowInterrupt":true}},"inputContexts":null,"outputContexts":null,"kendraConfiguration":null,"dialogCodeHook":null,"fulfillmentCodeHook":null,"slotPriorities":[{"priority":1,"slotName":"fazExercicioSlot"},{"priority":2,"slotName":"frequenciaSlot"},{"priority":0,"slotName":"faixaEtariaSlot"}]}