{"name":"frequenciaSlot","identifier":"V43Q2KTBWT","description":null,"slotTypeName":"AMAZON.Number","obfuscationSetting":null,"valueElicitationSetting":{"slotCaptureSetting":{"codeHook":null,"captureResponse":null,"captureNextStep":{"intent":{"name":null,"slots":{}},"sessionAttributes":null,"dialogAction":{"type":"ConfirmIntent","slotToElicit":null,"suppressNextMessage":null}},"captureConditional":{"isActive":false,"conditionalBranches":[{"name":"jovem_freq","response":{"messageGroupsList":[{"message":{"ssmlMessage":null,"customPayload":null,"plainTextMessage":{"value":"Parabéns! Você está cuidando do seu corpo!"},"imageResponseCard":null},"variations":null},{"message":{"ssmlMessage":null,"customPayload":null,"plainTextMessage":{"value":"Não esqueça de se hidratar. Tome ao menos 2 litros de água por dia."},"imageResponseCard":null},"variations":null},{"message":{"ssmlMessage":null,"customPayload":null,"plainTextMessage":{"value":"Procure fazer exercícios físicos pela manhã ou no fim da tarde"},"imageResponseCard":null},"variations":null},{"message":{"ssmlMessage":null,"customPayload":null,"plainTextMessage":{"value":"Praticar atividades físicas no calor ou de baixo do sol intenso pode prejudicar sua saúde"},"imageResponseCard":null},"variations":null}],"allowInterrupt":true},"nextStep":{"intent":{"name":null,"slots":{}},"sessionAttributes":{},"dialogAction":{"type":"EndConversation","slotToElicit":null,"suppressNextMessage":null}},"condition":{"expressionString":"{frequenciaSlot} >= 3 && {faixaEtariaSlot} = \"jovem\""}},{"name":"jovem_pouco","response":{"messageGroupsList":[{"message":{"ssmlMessage":null,"customPayload":null,"plainTextMessage":{"value":"Você deveria se exercitar mais mais frequência. Aproveite enquanto você é jovem."},"imageResponseCard":null},"variations":null},{"message":{"ssmlMessage":null,"customPayload":null,"plainTextMessage":{"value":"Procure uma atividade que você goste. Como esportes, academia ou caminhadas."},"imageResponseCard":null},"variations":null},{"message":{"ssmlMessage":null,"customPayload":null,"plainTextMessage":{"value":"Começe devagar. Procure atividades de baixo impacto e intensidade."},"imageResponseCard":null},"variations":null},{"message":{"ssmlMessage":null,"customPayload":null,"plainTextMessage":{"value":"Defina metas realistas e alcançáveis para te ajudar a manter a motivação."},"imageResponseCard":null},"variations":null}],"allowInterrupt":true},"nextStep":{"intent":{"name":null,"slots":{}},"sessionAttributes":{},"dialogAction":{"type":"EndConversation","slotToElicit":null,"suppressNextMessage":null}},"condition":{"expressionString":"{frequenciaSlot} < 3 && {faixaEtariaSlot} = \"jovem\""}},{"name":"idoso_freq","response":{"messageGroupsList":[{"message":{"ssmlMessage":null,"customPayload":null,"plainTextMessage":{"value":"Muito bem! Continue se exercitando!"},"imageResponseCard":null},"variations":null},{"message":{"ssmlMessage":null,"customPayload":null,"plainTextMessage":{"value":"Faça exercícios de baixo impacto e intensidade."},"imageResponseCard":null},"variations":null},{"message":{"ssmlMessage":null,"customPayload":null,"plainTextMessage":{"value":"Defina metas realistas. Estabeleça metas alcançáveis e mensuráveis para te ajudar a manter a motivação."},"imageResponseCard":null},"variations":null},{"message":{"ssmlMessage":null,"customPayload":null,"plainTextMessage":{"value":"Você pode fazer pequenas caminhadas de 30 minutos pela manhã ou pelo fim da tarde."},"imageResponseCard":null},"variations":null}],"allowInterrupt":true},"nextStep":{"intent":{"name":null,"slots":{}},"sessionAttributes":{},"dialogAction":{"type":"EndConversation","slotToElicit":null,"suppressNextMessage":null}},"condition":{"expressionString":"{frequenciaSlot} >= 3 && {faixaEtariaSlot} = \"idoso\""}},{"name":"idoso_pouco","response":{"messageGroupsList":[{"message":{"ssmlMessage":null,"customPayload":null,"plainTextMessage":{"value":"É muito importante que você se exercite mais para evitar problemas de saúde. A prática de exercícios físicos pode evitar problemas cardiovasculares."},"imageResponseCard":null},"variations":null},{"message":{"ssmlMessage":null,"customPayload":null,"plainTextMessage":{"value":"Procure fazer caminhadas de baixa intensidade pela manhã ou fim de tarde."},"imageResponseCard":null},"variations":null},{"message":{"ssmlMessage":null,"customPayload":null,"plainTextMessage":{"value":"Econtre um parceiro de exercícios para mantê-lo motivado."},"imageResponseCard":null},"variations":null},{"message":{"ssmlMessage":null,"customPayload":null,"plainTextMessage":{"value":"Não esqueça de se hidratar. Beba ao menos 2 litros de água por dia."},"imageResponseCard":null},"variations":null}],"allowInterrupt":true},"nextStep":{"intent":{"name":null,"slots":{}},"sessionAttributes":{},"dialogAction":{"type":"EndConversation","slotToElicit":null,"suppressNextMessage":null}},"condition":{"expressionString":"{frequenciaSlot} < 3 && {faixaEtariaSlot} = \"idoso\""}}],"defaultBranch":{"response":null,"nextStep":{"intent":{"name":null,"slots":null},"sessionAttributes":{},"dialogAction":{"type":"ConfirmIntent","slotToElicit":null,"suppressNextMessage":null}}}},"failureResponse":{"messageGroupsList":[{"message":{"ssmlMessage":null,"customPayload":null,"plainTextMessage":{"value":"Não entendi sua resposta. Tente novamente."},"imageResponseCard":null},"variations":null}],"allowInterrupt":true},"failureNextStep":{"intent":{"name":null,"slots":{}},"sessionAttributes":{},"dialogAction":{"type":"EndConversation","slotToElicit":null,"suppressNextMessage":null}},"failureConditional":null,"elicitationCodeHook":{"invocationLabel":null,"enableCodeHookInvocation":false}},"waitAndContinueSpecification":null,"promptSpecification":{"messageGroupsList":[{"message":{"ssmlMessage":null,"customPayload":null,"plainTextMessage":{"value":"Em quantos dias da semana você se exercita?"},"imageResponseCard":null},"variations":null},{"message":{"ssmlMessage":null,"customPayload":null,"plainTextMessage":null,"imageResponseCard":{"title":"Escolha uma opção","buttonsList":[{"value":"1","text":"1"},{"value":"2","text":"2"},{"value":"3","text":"3"},{"value":"4","text":"4"},{"value":"5","text":"5"}],"subtitle":null,"imageUrl":"https://guilhermekameoka.s3.amazonaws.com/frequencia.png"}},"variations":null}],"maxRetries":4,"allowInterrupt":true,"messageSelectionStrategy":"Random","promptAttemptsSpecification":{"Retry1":{"textInputSpecification":{"startTimeoutMs":30000},"allowedInputTypes":{"allowAudioInput":true,"allowDTMFInput":true},"audioAndDTMFInputSpecification":{"audioSpecification":{"endTimeoutMs":640,"maxLengthMs":15000},"startTimeoutMs":4000,"dtmfSpecification":{"maxLength":513,"endTimeoutMs":5000,"deletionCharacter":"*","endCharacter":"#"}},"allowInterrupt":true},"Retry4":{"textInputSpecification":{"startTimeoutMs":30000},"allowedInputTypes":{"allowAudioInput":true,"allowDTMFInput":true},"audioAndDTMFInputSpecification":{"audioSpecification":{"endTimeoutMs":640,"maxLengthMs":15000},"startTimeoutMs":4000,"dtmfSpecification":{"maxLength":513,"endTimeoutMs":5000,"deletionCharacter":"*","endCharacter":"#"}},"allowInterrupt":true},"Retry2":{"textInputSpecification":{"startTimeoutMs":30000},"allowedInputTypes":{"allowAudioInput":true,"allowDTMFInput":true},"audioAndDTMFInputSpecification":{"audioSpecification":{"endTimeoutMs":640,"maxLengthMs":15000},"startTimeoutMs":4000,"dtmfSpecification":{"maxLength":513,"endTimeoutMs":5000,"deletionCharacter":"*","endCharacter":"#"}},"allowInterrupt":true},"Initial":{"textInputSpecification":{"startTimeoutMs":30000},"allowedInputTypes":{"allowAudioInput":true,"allowDTMFInput":true},"audioAndDTMFInputSpecification":{"audioSpecification":{"endTimeoutMs":640,"maxLengthMs":15000},"startTimeoutMs":4000,"dtmfSpecification":{"maxLength":513,"endTimeoutMs":5000,"deletionCharacter":"*","endCharacter":"#"}},"allowInterrupt":true},"Retry3":{"textInputSpecification":{"startTimeoutMs":30000},"allowedInputTypes":{"allowAudioInput":true,"allowDTMFInput":true},"audioAndDTMFInputSpecification":{"audioSpecification":{"endTimeoutMs":640,"maxLengthMs":15000},"startTimeoutMs":4000,"dtmfSpecification":{"maxLength":513,"endTimeoutMs":5000,"deletionCharacter":"*","endCharacter":"#"}},"allowInterrupt":true}}},"slotConstraint":"Required","defaultValueSpecification":null,"sampleUtterances":[{"utterance":"1"},{"utterance":"2"},{"utterance":"3"},{"utterance":"4"},{"utterance":"5"}]},"multipleValuesSetting":null}