{"name":"initialIntent","identifier":"8OYJ86DL7N","description":null,"parentIntentSignature":null,"sampleUtterances":[{"utterance":"oi"},{"utterance":"olá"},{"utterance":"ajuda"},{"utterance":"me ajude"},{"utterance":"bom dia"},{"utterance":"boa tarde"},{"utterance":"boa noite"},{"utterance":"preciso de ajuda"}],"intentConfirmationSetting":null,"intentClosingSetting":null,"initialResponseSetting":{"nextStep":{"intent":{"name":null,"slots":null},"sessionAttributes":null,"dialogAction":{"type":"ElicitIntent","slotToElicit":null,"suppressNextMessage":null}},"codeHook":{"isActive":false,"invocationLabel":null,"postCodeHookSpecification":{"successConditional":null,"timeoutResponse":null,"timeoutNextStep":{"intent":{"name":null,"slots":null},"sessionAttributes":null,"dialogAction":{"type":"EndConversation","slotToElicit":null,"suppressNextMessage":null}},"timeoutConditional":null,"failureResponse":null,"failureNextStep":{"intent":{"name":null,"slots":null},"sessionAttributes":null,"dialogAction":{"type":"EndConversation","slotToElicit":null,"suppressNextMessage":null}},"failureConditional":null,"successResponse":null,"successNextStep":{"intent":{"name":null,"slots":null},"sessionAttributes":null,"dialogAction":{"type":"ElicitSlot","slotToElicit":"teste","suppressNextMessage":null}}},"enableCodeHookInvocation":true},"conditional":null,"initialResponse":{"messageGroupsList":[{"message":{"ssmlMessage":null,"customPayload":null,"plainTextMessage":{"value":"Olá! Seja bem vindo ao MedBot. Como posso ajudá-lo?"},"imageResponseCard":null},"variations":null},{"message":{"ssmlMessage":null,"customPayload":null,"plainTextMessage":null,"imageResponseCard":{"title":"Escolha uma opção","buttonsList":[{"value":"orientações personalizadas","text":"Orientações personalizadas"},{"value":"primeiros socorros","text":"Primeiros Socorros"},{"value":"dicas de saúde","text":"Dicas de saúde"},{"value":"contatos de emergência","text":"Contatos de emergência"}],"subtitle":null,"imageUrl":"https://guilhermekameoka.s3.amazonaws.com/bot.png"}},"variations":null}],"allowInterrupt":true}},"inputContexts":null,"outputContexts":null,"kendraConfiguration":null,"dialogCodeHook":null,"fulfillmentCodeHook":null,"slotPriorities":[]}