{"name":"Saudacoes","identifier":"OCUXH1FAXZ","description":null,"parentIntentSignature":null,"sampleUtterances":[{"utterance":"olá"},{"utterance":"ola"},{"utterance":"oi"},{"utterance":"bom dia"},{"utterance":"boa tarde"},{"utterance":"boa noite"},{"utterance":"tudo bem?"},{"utterance":"opa"},{"utterance":"e ai"},{"utterance":"\"kmConversationStarted\""}],"intentConfirmationSetting":null,"intentClosingSetting":null,"initialResponseSetting":{"conditional":null,"codeHook":{"isActive":true,"enableCodeHookInvocation":true,"invocationLabel":null,"postCodeHookSpecification":{"failureResponse":null,"failureNextStep":{"sessionAttributes":null,"intent":{"name":null,"slots":null},"dialogAction":{"type":"EndConversation","slotToElicit":null,"suppressNextMessage":null}},"failureConditional":null,"successConditional":null,"timeoutResponse":null,"timeoutNextStep":{"sessionAttributes":null,"intent":{"name":null,"slots":null},"dialogAction":{"type":"EndConversation","slotToElicit":null,"suppressNextMessage":null}},"timeoutConditional":null,"successResponse":null,"successNextStep":{"sessionAttributes":null,"intent":{"name":null,"slots":null},"dialogAction":{"type":"EndConversation","slotToElicit":null,"suppressNextMessage":null}}}},"nextStep":{"sessionAttributes":null,"intent":{"name":null,"slots":null},"dialogAction":{"type":"InvokeDialogCodeHook","slotToElicit":null,"suppressNextMessage":null}},"initialResponse":{"messageGroupsList":[{"message":{"ssmlMessage":null,"customPayload":null,"plainTextMessage":{"value":"Olá! o que você quer fazer agora?"},"imageResponseCard":null},"variations":null},{"message":{"ssmlMessage":null,"customPayload":null,"plainTextMessage":null,"imageResponseCard":{"title":"Criar uma história","buttonsList":[{"value":"desenho","text":"Desenho - Foto"},{"value":"cartões","text":"Cartões"}],"subtitle":null,"imageUrl":"https://sprint8pd.s3.amazonaws.com/bot.jpg"}},"variations":null},{"message":{"ssmlMessage":null,"customPayload":null,"plainTextMessage":null,"imageResponseCard":{"title":"Quero me expressar","buttonsList":[{"value":"expressar","text":"Expressar"}],"subtitle":null,"imageUrl":"https://sprint8pd.s3.amazonaws.com/expressar/expressar.jpg"}},"variations":null}],"allowInterrupt":true}},"inputContexts":null,"outputContexts":null,"kendraConfiguration":null,"dialogCodeHook":null,"fulfillmentCodeHook":null,"slotPriorities":[]}