{"name":"contatoCvvIntent","identifier":"K2ILZIXMFE","description":null,"parentIntentSignature":null,"sampleUtterances":[{"utterance":"cvv"},{"utterance":"CVV"},{"utterance":"centro de valorização da vida"}],"intentConfirmationSetting":null,"intentClosingSetting":null,"initialResponseSetting":{"nextStep":{"intent":null,"sessionAttributes":null,"dialogAction":{"type":"InvokeDialogCodeHook","slotToElicit":null,"suppressNextMessage":null}},"codeHook":{"isActive":true,"invocationLabel":null,"postCodeHookSpecification":{"successConditional":null,"timeoutResponse":null,"timeoutNextStep":{"intent":null,"sessionAttributes":null,"dialogAction":{"type":"EndConversation","slotToElicit":null,"suppressNextMessage":null}},"timeoutConditional":null,"failureResponse":null,"failureNextStep":{"intent":null,"sessionAttributes":null,"dialogAction":{"type":"EndConversation","slotToElicit":null,"suppressNextMessage":null}},"failureConditional":null,"successResponse":null,"successNextStep":{"intent":null,"sessionAttributes":null,"dialogAction":{"type":"EndConversation","slotToElicit":null,"suppressNextMessage":null}}},"enableCodeHookInvocation":true},"conditional":null,"initialResponse":{"messageGroupsList":[{"message":{"ssmlMessage":null,"customPayload":null,"plainTextMessage":{"value":"Disque 188 para apoio emocional e prevenção ao suicídio"},"imageResponseCard":null},"variations":null},{"message":{"ssmlMessage":null,"customPayload":null,"plainTextMessage":{"value":"As pessoas sob risco de suicídio costumam falar sobre morte e suicídio mais do que o comum, confessam se sentir sem esperanças, culpadas, com falta de autoestima e têm visão negativa de sua vida e futuro. Essas ideias podem estar expressas de forma escrita, verbal ou por meio de desenhos. Expressão de ideias ou de intenções suicidas:"},"imageResponseCard":null},"variations":null},{"message":{"ssmlMessage":null,"customPayload":null,"plainTextMessage":{"value":"1. \"Vou desaparecer.”"},"imageResponseCard":null},"variations":null},{"message":{"ssmlMessage":null,"customPayload":null,"plainTextMessage":{"value":"2. “Vou deixar vocês em paz.”"},"imageResponseCard":null},"variations":null},{"message":{"ssmlMessage":null,"customPayload":null,"plainTextMessage":{"value":"3. “Eu queria poder dormir e nunca mais acordar.”"},"imageResponseCard":null},"variations":null}],"allowInterrupt":true}},"inputContexts":null,"outputContexts":null,"kendraConfiguration":null,"dialogCodeHook":null,"fulfillmentCodeHook":null,"slotPriorities":[]}